Car Make,Car Model,Year,Engine Size (L),Horsepower,Torque (lb-ft),0-60 MPH Time (seconds),Price (in USD)
Lotus,Evija,2021,Electric,2000.0,1254,2.8,2800000.0
Lotus,Evija,2022,Electric,1973.0,1254,2.5,2750000.0
Lotus,Evija,2022,Electric,1973.0,1254,2.5,2000000.0
Lotus,Evija,2022,Electric,1973.0,1254,2.5,2600000.0
Lotus,Evija,2021,Electric Motor,1972.0,1254,2.0,2000000.0
Rimac,C_Two,2022,Electric,1914.0,1696,1.9,2400000.0
Rimac,Nevera,2022,Electric,1914.0,1696,1.85,2400000.0
Rimac,C_Two,2021,Electric,1914.0,1732,1.8,2400000.0
Rimac,C_Two,2021,Electric,1914.0,1696,1.9,2400000.0
Rimac,Nevera,2022,Electric,1914.0,1696,1.95,2400000.0
Rimac,Nevera,2021,Electric,1914.0,1696,1.85,2400000.0
Rimac,C_Two,2022,Electric,1914.0,1732,1.85,2400000.0
Rimac,Nevera,2021,Electric,1914.0,1696,1.9,2400000.0
Rimac,Nevera,2021,Electric Motor,1888.0,1696,1.85,2400000.0
Pininfarina,Battista,2022,Electric,1874.0,1696,1.9,2500000.0
Pininfarina,Battista,2021,Electric,1872.0,1696,1.9,2500000.0
Koenigsegg,Jesko,2022,5,1600.0,1106,2.5,3000000.0
Koenigsegg,Jesko Absolut,2022,5,1600.0,1106,2.1,2800000.0
Bugatti,Chiron Super Sport 300+,2022,8,1578.0,1180,2.3,5200000.0
Bugatti,Chiron Super Sport 300+,2021,8,1578.0,1180,2.4,5200000.0
Bugatti,Chiron Pur Sport,2021,8,1500.0,1180,2.3,3599000.0
Bugatti,Chiron,2021,8,1500.0,1180,2.5,3000000.0
Bugatti,Chiron,2021,8,1500.0,"1,180",2.4,3000000.0
Bugatti,Chiron,2022,8,1500.0,1180,2.3,3000000.0
Bugatti,Chiron,2022,8,1500.0,1180,2.5,3900000.0
Bugatti,Chiron,2021,8,1500.0,1180,2.4,3000000.0
Bugatti,Chiron,2021,8,1500.0,1180,2.3,3000000.0
Bugatti,Chiron,2022,8,1500.0,1180,2.4,3000000.0
Bugatti,Chiron,2021,8,1500.0,1180,2.4,2998000.0
Bugatti,Chiron,2021,8,1479.0,1180,2.3,2998000.0
Bugatti,Chiron,2021,8,1479.0,1180,2.4,3000000.0
Bugatti,Chiron,2022,8,1479.0,1180,2.4,2900000.0
Bugatti,Chiron,2021,8,1479.0,1180,2.5,3000000.0
Koenigsegg,Jesko,2022,5,1280.0,1106,2.5,3000000.0
Koenigsegg,Jesko,2022,5,1280.0,1015,2.5,3000000.0
Koenigsegg,Jesko,2022,5,1280.0,1106,2.5,2800000.0
Koenigsegg,Jesko,2022,5,1280.0,1015,2.5,2800000.0
Koenigsegg,Jesko,2021,5,1280.0,1015,2.5,3000000.0
Koenigsegg,Jesko,2021,5,1280.0,1106,2.5,2800000.0
Koenigsegg,Jesko,2021,5,1280.0,1015,2.5,2800000.0
Koenigsegg,Jesko,2021,5,1262.0,1106,2.5,3000000.0
McLaren,Speedtail,2021,4,1035.0,848,2.5,2300000.0
Ferrari,SF90 Stradale,2022,4,986.0,590,2.5,625000.0
Ferrari,SF90 Stradale,2021,4.0 (Hybrid),986.0,590,2.5,625000.0
Ferrari,SF90 Stradale,2022,4,986.0,590,2.5,507000.0
Ferrari,SF90 Stradale,2021,4,986.0,590,2.5,625000.0
Porsche,918 Spyder,2015,4.6,887.0,944,2.2,1800000.0
Lamborghini,Si√°n,2021,6.5,819.0,531,2.8,3600000.0
W Motors,Fenyr Supersport,2022,3.8,800.0,723,2.7,1700000.0
W Motors,Fenyr SuperSport,2022,3.8,800.0,723,2.7,1550000.0
Pagani,Huayra Roadster BC,2021,6,791.0,774,2.5,3500000.0
Pagani,Huayra BC,2021,6,791.0,774,2.7,2600000.0
McLaren,Senna,2020,4,789.0,590,2.7,1500000.0
McLaren,Senna,2021,4,789.0,590,2.7,1000000.0
McLaren,Senna,2019,4,789.0,590,2.7,1050000.0
W Motors,Lykan Hypersport,2015,3.7,780.0,708,2.8,3400000.0
Lamborghini,Aventador SVJ,2021,6.5,770.0,531,2.8,517770.0
Lamborghini,Aventador SVJ,2020,6.5,770.0,531,2.8,573966.0
Lamborghini,Aventador SVJ,2021,6.5,770.0,531,2.8,517700.0
Lamborghini,Aventador SVJ,2021,6.5,770.0,531,2.8,518000.0
Lamborghini,Aventador,2021,6.5,770.0,531,2.9,522000.0
Pagani,Huayra,2021,6,764.0,738,2.8,3500000.0
Pagani,Huayra,2021,6,764.0,738,3.0,2600000.0
Pagani,Huayra,2021,6,764.0,740,2.8,2600000.0
Pagani,Huayra,2022,6,764.0,738,2.8,2800000.0
Pagani,Huayra,2021,6,764.0,738,2.6,2600000.0
Pagani,Huayra,2021,6,764.0,737,3.0,2600000.0
Lamborghini,Aventador SVJ,2021,6.5,759.0,531,2.8,517000.0
Lamborghini,Aventador SVJ,2020,6.5,759.0,531,2.8,573966.0
Lamborghini,Aventador,2021,6.5,759.0,531,2.9,517770.0
Lamborghini,Aventador SVJ,2021,6.5,759.0,531,2.8,518000.0
Lamborghini,Aventador SVJ,2020,6.5,759.0,531,2.8,517000.0
Lamborghini,Aventador SVJ,2021,6.5,759.0,531,2.8,517770.0
Lamborghini,Aventador,2021,6.5,730.0,509,2.9,517000.0
Lamborghini,Aventador,2021,6.5,730.0,507,2.8,517770.0
Pagani,Huayra,2021,6,730.0,738,3.0,2600000.0
Lamborghini,Aventador,2021,6.5,730.0,509,2.9,517700.0
Pagani,Huayra,2020,6,720.0,738,3.0,2700000.0
Pagani,Huayra,2021,6,720.0,737,2.8,2800000.0
Shelby,Cobra,1965,7,435.0,440,4.2,1000000.0
